text,preprocessed_text
@fpsnoted hello fake csgo pro,@fpsnote hello fake csgo pro
Wtf does he think he's living in GTA or something,Wtf think live GTA
Congratulations to UC CS:GO A taking it 3-2 over NKU A in the runback last night to win their bracket! Amazing play from all members of the team,congratulation UC CS take 3 2 NKU runback night win bracket amazing play member team
Awesome Gamer,Awesome Gamer
I can't believe that @realDonaldTrump lied.,believe @realDonaldTrump lie
@overwatchleague @PlayOverwatch @CocaCola @CocaColaCo I'm slightly disappointed to find out the coke cups in front of the OW watchpoint panelists are empty... Who wouldn't want a big class of coke to drink while casting?? #overwatch #Overwatchleague,@overwatchleague @PlayOverwatch @CocaCola @cocacolaco slightly disappointed find coke cup OW watchpoint panelist want big class coke drink cast overwatch overwatchleague
Congratulations to @ninamanning78 on publication day. Hope you have a fabulous day and that your book flies ðŸ˜ŠðŸ“šðŸŽ‰,congratulation @ninamanning78 publication day hope fabulous day book fly ðŸ˜ŠðŸ“šðŸŽ‰
ðŸ‘ on @YouTube: PUBG MOBILE BEST TIKTOK VIDEOS | FUNNY MOMENTS | ELECTRO ICE ZARD youtube.com/watch?v=V6Erpxâ€¦,ðÿ‘ @YouTube PUBG MOBILE BEST TIKTOK VIDEOS | funny moment | ELECTRO ice ZARD youtube.com/watch?v=V6Erpxâ€ ¦
@Formula yo Alix or formula I am a big fan and it will mean a lot to be in a vid my fortnite username is FrEsH.Ed1ts pls add me,@formula yo Alix formula big fan mean lot vid fortnite username fresh.ed1ts pls add
Thatâ€™s kap AF this mf blank out everywhere,Thatâ€ ™ s kap AF mf blank
@UPS 2 bad she was not n place wen ups cust reps decided 2oss my $1600 last nov 2019! Wen ur reps won't do something 2 a oid disaster ur. Rand integrity s called n2 question. Trust means a lot. 2 mo ths disability benefit!,@ups 2 bad n place wen up cust rep decide 2oss $ 1600 nov 2019 Wen ur rep will 2 oid disaster ur Rand integrity s call n2 question trust mean lot 2 mo ths disability benefit
â€˜Call of Dutyâ€™ Wins First Amendment Victory Over Use of Humvees alphatimenews.com/call-of-duty-wâ€¦ https://t.co/bmSYMgUEEN,â€˜call Dutyâ€ ™ Wins Amendment victory Use Humvees alphatimenews.com/call-of-duty-wâ€ ¦ https://t.co/bmsymgueen
All the 14 yoâ€™s shitting on me in fortnite catch me irl I swear Iâ€™ll rock yo shit,14 yoâ€ ™ s shit fortnite catch irl swear Iâ€ ™ ll rock yo shit
another reason why QT is superior ðŸ˜Œ,reason QT superior ðŸ˜Œ
Yo the new event on PUBG is weird!,Yo new event PUBG weird
Stop acting like your not educated stop with the bs you know devs don't have dx12 ultimate ffs at least don't lead people on with bs pic.twitter.com/hKMnlLiTzm,stop act like educate stop bs know devs dx12 ultimate ff lead people bs pic.twitter.com/hKMnlLiTzm
I will live stream back in a bit my PS4 is acting weird sorry! #ps4 #PlayStore #PS4share #battlefield4 #games #videogames #twitchtv #twitchgamer #twitchgaming,live stream bit PS4 act weird sorry ps4 PlayStore ps4share battlefield4 game videogame twitchtv twitchgam twitchgaming
ryan makes me feel like such a baby i love it i love him so much i just wanna feed him a burrito bowl and hold his hand and suck him off while he plays overwatch and go on cute culvers dates w him AAAAHHH im in fucking LOVE,ryan make feel like baby love love wanna feed burrito bowl hold hand suck play overwatch cute culver date w AAAAHHH m fucking LOVE
the us army is doing mythic key carries fuck me. just straight up dog this is depressing,army mythic key carry fuck straight dog depress
Are u crazy gloating as if u r his fan n not a responsible journo. Sorry expected u change but drummer never change. Why donâ€™t u write a book u worshipper,u crazy gloating u r fan n responsible journo sorry expect u change drummer change donâ€ ™ t u write book u worshipper
@SpeakerPelosi this is VERY INTERESTING ðŸ§,@speakerpelosi interesting ðŸ§
Xbox Series S leak reveals $299 price dlvr.it/Rg9PDy,Xbox Series S leak reveal $ 299 price dlvr.it/rg9pdy
This guy is one of the best content  creators i know . He's different  and unique !!!! Watch out for him.,guy good content   creator know different   unique watch
A ban for Battlefield 4 player Gariblak has occurred SEE DETAILS: bf4db.com/player/ban/196â€¦,ban Battlefield 4 player Gariblak occur DETAILS bf4db.com/player/ban/196â€ ¦
Iâ€™m gonna say this again @imjustbait is the funniest meme page ever ðŸ˜Œ,iâ€ ™ m go to @imjustbait funniest meme page ðŸ˜Œ
Zombies. Calling it now. 2020 aint over fucking us,zombie call 2020 be not fuck
You mean real life crack epidemic?,mean real life crack epidemic
You are not reading this by mistake I can beat you in FIFA,read mistake beat FIFA
By far my best stream without a raid!! We were hovering around 12-15 viewers for about an hour and gained a boat load of follows. Much love!! #WubbleNation #fortnite #savetheworld pic.twitter.com/ONtb94ufAj,far good stream raid hover 12 15 viewer hour gain boat load follow love wubblenation fortnite savetheworld pic.twitter.com/ontb94ufaj
bruuuhhh wtf is wrong with these gay ass pc players,bruuuhhh wtf wrong gay ass pc player
Stupid little fucking baby children  are just full-grown adults copy-pasted in microsoft Paint and squeegee-ed down disproportionately but with the same lack of dancing skills at public weddings,stupid little fucking baby child   grow adult copy paste microsoft Paint squeegee ed disproportionately lack dancing skill public wedding
HOW DID I MISS THIS I CANT EVEN BLAME SCHOOL ARE YOU KIDDING ME,miss CANT BLAME school kid
We may not be able to stream today you lot we have a problem Xbox is not letting me stream Fifa 21 and itâ€™s so annoying Iâ€™ll try and find ways arround it and might still be able to stream but if not Iâ€™ll keep you updated on when Iâ€™ll be live again ðŸ˜¢,able stream today lot problem Xbox let stream Fifa 21 itâ€ ™ s annoying Iâ€ ™ ll try find way arround able stream iâ€ ™ ll update iâ€ ™ ll live ðŸ˜¢
